"","id"
"1",799924
"2",1539803
"3",6019835
"4",8169802
"5",8679783
"6",9919642
"7",10629613
"8",11599946
"9",12189899
"10",14669832
"11",15499629
"12",15869799
"13",27879910
"14",31429680
"15",32239659
"16",33139540
"17",38279998
"18",38919993
"19",39349950
"20",41449784
"21",42569954
"22",45769973
"23",50259624
"24",52319807
"25",54099615
"26",57799695
"27",63189976
"28",64239835
"29",64629817
"30",65969947
"31",66099545
"32",66159554
"33",67089984
"34",68029961
"35",68959870
"36",70069949
"37",71389946
"38",71579537
"39",74289807
"40",78339680
"41",79669589
"42",80899687
"43",81279937
"44",81779810
"45",86709958
"46",86799874
"47",87089903
"48",87489615
"49",88659885
"50",90119828
"51",91669577
"52",91769669
"53",93999650
"54",98589856
"55",99269913
"56",1369928
"57",3119890
"58",8259629
"59",12719976
"60",12899871
"61",14299896
"62",15819895
"63",18069947
"64",20589880
"65",20839975
"66",22729979
"67",23509865
"68",24939852
"69",25079599
"70",30919926
"71",31089912
"72",33869812
"73",36669711
"74",38519883
"75",39539765
"76",39849975
"77",40049967
"78",41519646
"79",41709665
"80",41739754
"81",42779672
"82",43249812
"83",44379899
"84",44819958
"85",44989801
"86",45029889
"87",46149862
"88",48129784
"89",50099788
"90",51349847
"91",52639869
"92",52969671
"93",54059803
"94",56999610
"95",57549928
"96",57569716
"97",59369945
"98",60529787
"99",65689935
"100",66699775
"101",67549933
"102",67809958
"103",67829997
"104",68149871
"105",68749573
"106",70159937
"107",72679677
"108",72999830
"109",73019562
"110",74759921
"111",78059882
"112",78239888
"113",80909980
"114",84319801
"115",84909677
"116",85949697
"117",88129795
"118",89299811
"119",90909657
"120",92869591
"121",93059555
"122",98709618
"123",13679928
"124",2389794
"125",11199831
"126",23799921
"127",329968
"128",699812
"129",969975
"130",1829913
"131",2799943
"132",3689815
"133",3779918
"134",3879648
"135",4309605
"136",6079930
"137",7399797
"138",9329968
"139",9749794
"140",10229970
"141",11529836
"142",12709994
"143",14579809
"144",14669762
"146",15219892
"147",16359967
"148",19320000
"149",20779661
"150",21549823
"151",22029987
"152",23100000
"153",23369710
"155",23989990
"156",25509893
"157",25749578
"158",25899797
"159",26809754
"160",28039946
"161",28739765
"162",29579982
"163",29639764
"164",29859597
"165",30769971
"166",31009864
"167",31469798
"168",32199633
"169",32289868
"170",33119617
"171",33129968
"172",33309653
"173",33799842
"174",34799710
"175",34809650
"176",35649822
"177",36859904
"178",37009633
"179",39589641
"180",40549931
"181",41659638
"182",41979833
"183",43089796
"184",44809845
"185",45019696
"186",45019977
"187",45519715
"188",45559604
"189",45679898
"190",46319846
"191",47119983
"192",47379958
"193",47389671
"194",48429907
"195",49929593
"196",50069642
"197",50099728
"199",51999870
"200",54799832
"201",54949955
"202",55709907
"203",57520000
"204",58919615
"205",59649884
"206",60569799
"207",61089639
"208",62599880
"209",63649948
"210",64409709
"212",65739938
"213",66039611
"214",66289964
"216",68839859
"218",70279969
"219",70839933
"220",71499931
"221",71659967
"222",72379577
"223",73229998
"224",73349981
"225",74069769
"226",75679996
"228",78649817
"229",79659939
"230",79809829
"231",80139861
"232",80439521
"234",81269713
"235",81849885
"236",82099697
"237",83240000
"238",83259986
"239",83619996
"240",84019574
"241",84349578
"242",85069816
"243",85729942
"245",86439820
"246",87019827
"247",87429999
"248",88169655
"249",88269797
"250",88959959
"251",89249557
"252",89759972
"253",89869626
"254",90049797
"256",93779687
"258",95359802
"259",95689596
"260",99309654
"261",99409972
"263",3009958
"264",5039834
"265",5109957
"266",5139925
"267",6259653
"268",8229636
"270",11119662
"271",11389560
"272",11459993
"273",11469670
"275",12129579
"276",13169926
"277",13739810
"278",14179738
"279",14189592
"281",14509676
"282",14639599
"283",16909799
"284",17289971
"285",18019542
"287",18769972
"288",19549791
"289",20009976
"290",20509604
"292",20909719
"293",21159531
"294",21489560
"295",21849939
"296",22849582
"297",23529877
"298",23679575
"299",24489713
"300",24509693
"301",25069562
"302",25669531
"303",26249568
"304",27129674
"305",27989743
"306",28119953
"307",28629904
"308",29759594
"309",30529672
"310",31039819
"311",31079522
"312",31419913
"315",33229854
"316",34589863
"317",34649782
"318",35219758
"319",35439967
"320",36259638
"321",38149980
"322",38609988
"323",38769971
"324",39089810
"325",39599655
"326",39689967
"327",40819762
"328",41539590
"329",42279850
"330",42509986
"331",43299990
"332",43469577
"333",44369706
"334",44489989
"336",45409661
"337",45649777
"338",45979995
"339",46289575
"340",46699634
"341",47749869
"342",48889801
"343",49719951
"344",50729606
"345",50979878
"346",51939992
"347",52879917
"348",54039964
"349",54469953
"350",55919621
"351",56119821
"353",57599576
"354",57719658
"355",58309983
"356",60039707
"357",61069976
"358",62299906
"359",63059929
"360",63139548
"361",63609863
"362",63709996
"363",63839683
"364",64239709
"365",64239851
"366",64709684
"367",65549871
"368",65579845
"369",65949616
"370",67829568
"372",68169950
"373",69429786
"374",69769566
"375",70319955
"376",70679598
"377",70949630
"378",71679855
"379",72419745
"380",73139771
"381",73569895
"382",74569708
"383",75569703
"384",75979514
"385",76849997
"386",77329948
"387",77649985
"388",77889863
"389",77919579
"390",78499661
"391",78599978
"392",79129744
"393",79329949
"394",79999656
"395",80089949
"396",80429707
"398",81469663
"399",81619979
"400",81659873
"401",81689633
"402",83919699
"403",84109976
"404",86019710
"405",86499802
"406",88479960
"408",89039775
"410",89639644
"411",89799600
"412",89929931
"413",89969638
"414",92059982
"415",92339697
"416",92869957
"417",93289858
"418",93479789
"419",93539545
"420",95779968
"421",96479520
"422",97759939
"423",97979605
"424",98399917
"425",98469775
"427",98629985
"428",98849789
"429",99229897
"430",1409661
"431",1649869
"432",2389981
"434",13379843
"435",14749832
"436",15139814
"437",17419739
"438",27559914
"439",27959865
"440",30619950
"441",36739956
"442",39089617
"443",40039730
"444",48069561
"445",48979985
"446",51549800
"447",52659736
"448",54539682
"449",55589990
"450",55699934
"451",56139844
"452",57569847
"453",57799942
"454",57949815
"455",58959780
"456",63149599
"457",67229965
"458",69559945
"459",70139914
"460",70869780
"461",73589829
"462",73639655
"463",74019963
"464",80669666
"465",81469859
"466",89339811
"467",89769630
"468",89789816
"469",94549984
"470",95229569
"471",97299984
"472",97909841
"473",99259910
"474",9729963
"475",11679751
"476",13409950
"477",16059766
"478",18739849
"479",26759733
"480",30189974
"481",31599645
"482",32719930
"483",33459796
"484",34319838
"485",39679904
"486",41379703
"487",46149671
"488",50479791
"489",59769826
"490",61149783
"491",63009935
"492",67849867
"493",75709600
"495",86569519
"496",89519798
"497",93099895
"498",98999735
"499",99599996
"500",99939955
